"year","name","entity_id","team_id","bat_side","total_pa","pa_shades","pa_shade_percent","woba_shade","pa_non_shades","pa_non_shade_percent","woba_non_shade"
2025,"Urías, Luis",649966,133,"R",330,44,"13.3",".266",286,"86.7",".297"
2025,"Rooker, Brent",667670,133,"R",694,111,"16.0",".366",583,"84.0",".346"
2025,"Bleday, JJ",668709,133,"L",342,200,"58.5",".356",142,"41.5",".227"
2025,"Cortes, Carlos",666126,133,"L",99,38,"38.4",".308",61,"61.6",".398"
2025,"Soderstrom, Tyler",691016,133,"L",622,282,"45.3",".358",340,"54.7",".350"
2025,"Kurtz, Nick",701762,133,"L",486,315,"64.8",".424",171,"35.2",".410"
2025,"Langeliers, Shea",669127,133,"R",521,102,"19.6",".391",419,"80.4",".358"
2025,"Brown, Seth",664913,133,"L",76,47,"61.8",".284",29,"38.2",".234"
2025,"Thomas, Colby",687515,133,"R",132,31,"23.5",".514",101,"76.5",".222"
2025,"Butler, Lawrence",671732,133,"L",628,257,"40.9",".269",371,"59.1",".341"
2025,"O'Hoppe, Logan",681351,108,"R",451,63,"14.0",".301",388,"86.0",".269"
2025,"Peraza, Oswald",672724,108,"R",265,31,"11.7",".173",234,"88.3",".219"
2025,"Moncada, Yoán",660162,108,"L",260,161,"61.9",".321",99,"38.1",".405"
2025,"Davidson, Logan",669722,108,"L",39,29,"74.4",".148",10,"25.6",".156"
2025,"Soler, Jorge",624585,108,"R",315,38,"12.1",".341",277,"87.9",".292"
2025,"Neto, Zach",687263,108,"R",548,85,"15.5",".387",463,"84.5",".328"
2025,"Rengifo, Luis",650859,108,"L",438,160,"36.5",".273",278,"63.5",".278"
2025,"Wade Jr., LaMonte",664774,108,"L",241,110,"45.6",".185",131,"54.4",".290"
2025,"Adell, Jo",666176,108,"R",573,62,"10.8",".348",511,"89.2",".331"
2025,"Ward, Taylor",621493,108,"R",662,57,"8.6",".261",605,"91.4",".346"
2025,"Schanuel, Nolan",694384,108,"L",559,255,"45.6",".341",304,"54.4",".317"
2025,"Trout, Mike",545361,108,"R",546,74,"13.6",".422",472,"86.4",".331"
2025,"McCarthy, Jake",664983,109,"L",222,77,"34.7",".306",145,"65.3",".230"
2025,"Herrera, Jose",645444,109,"L",144,70,"48.6",".250",74,"51.4",".208"
2025,"Perdomo, Geraldo",672695,109,"L",500,217,"43.4",".340",283,"56.6",".376"
2025,"Marte, Ketel",606466,109,"L",369,232,"62.9",".389",137,"37.1",".372"
2025,"Del Castillo, Adrian",680728,109,"L",131,69,"52.7",".308",62,"47.3",".281"
2025,"Thomas, Alek",677950,109,"L",469,188,"40.1",".249",281,"59.9",".313"
2025,"Carroll, Corbin",682998,109,"L",638,339,"53.1",".329",299,"46.9",".420"
2025,"Smith, Pavin",656976,109,"L",287,169,"58.9",".368",118,"41.1",".318"
2025,"Marte, Ketel",606466,109,"R",181,34,"18.8",".339",147,"81.2",".384"
2025,"Profar, Jurickson",595777,144,"L",261,138,"52.9",".319",123,"47.1",".390"
2025,"Riley, Austin",663586,144,"R",446,35,"7.8",".364",411,"92.2",".315"
2025,"Kelenic, Jarred",672284,144,"L",65,41,"63.1",".216",24,"36.9",".270"
2025,"Murphy, Sean",669221,144,"R",335,28,"8.4",".193",307,"91.6",".320"
2025,"Ozuna, Marcell",542303,144,"R",590,38,"6.4",".258",552,"93.6",".339"
2025,"Fraley, Jake",641584,144,"L",216,107,"49.5",".266",109,"50.5",".364"
2025,"Verdugo, Alex",657077,144,"L",213,120,"56.3",".296",93,"43.7",".224"
2025,"Olson, Matt",621566,144,"L",721,465,"64.5",".389",256,"35.5",".327"
2025,"Albies, Ozzie",645277,144,"L",479,292,"61.0",".279",187,"39.0",".313"
2025,"Baldwin, Drake",686948,144,"L",446,234,"52.5",".364",212,"47.5",".336"
2025,"Harris II, Michael",671739,144,"L",639,243,"38.0",".306",396,"62.0",".276"
2025,"Noda, Ryan",676116,110,"L",57,42,"73.7",".153",15,"26.3",".384"
2025,"Henderson, Gunnar",683002,110,"L",642,392,"61.1",".332",250,"38.9",".349"
2025,"Holliday, Jackson",702616,110,"L",644,306,"47.5",".294",338,"52.5",".311"
2025,"Carlson, Dylan",666185,110,"L",168,86,"51.2",".273",82,"48.8",".308"
2025,"Kjerstad, Heston",677008,110,"L",166,91,"54.8",".325",75,"45.2",".137"
2025,"Beavers, Dylan",687637,110,"L",137,75,"54.7",".362",62,"45.3",".329"
2025,"Sánchez, Gary",596142,110,"R",100,33,"33.0",".448",67,"67.0",".248"
2025,"Rutschman, Adley",668939,110,"L",255,186,"72.9",".277",69,"27.1",".326"
2025,"O'Neill, Tyler",641933,110,"R",208,52,"25.0",".212",156,"75.0",".325"
2025,"Basallo, Samuel",694212,110,"L",118,80,"67.8",".224",38,"32.2",".292"
2025,"Cowser, Colton",681297,110,"L",358,203,"56.7",".281",155,"43.3",".287"
2025,"Westburg, Jordan",676059,110,"R",351,38,"10.8",".395",313,"89.2",".325"
2025,"Yoshida, Masataka",807799,111,"L",205,93,"45.4",".326",112,"54.6",".282"
2025,"Casas, Triston",671213,111,"L",110,70,"63.6",".235",40,"36.4",".291"
2025,"Duran, Jarren",680776,111,"L",695,236,"34.0",".344",459,"66.0",".330"
2025,"Hamilton, David",666152,111,"L",194,55,"28.4",".248",139,"71.6",".265"
2025,"Mayer, Marcelo",691785,111,"L",136,81,"59.6",".313",55,"40.4",".255"
2025,"Abreu, Wilyer",677800,111,"L",412,249,"60.4",".353",163,"39.6",".304"
2025,"Bregman, Alex",608324,111,"R",492,37,"7.5",".437",455,"92.5",".349"
2025,"Lowe, Nathaniel",663993,111,"L",607,206,"33.9",".282",401,"66.1",".311"
2025,"Toro, Abraham",647351,111,"L",202,119,"58.9",".264",83,"41.1",".316"
2025,"Anthony, Roman",701350,111,"L",303,193,"63.7",".369",110,"36.3",".390"
2025,"Story, Trevor",596115,111,"R",653,45,"6.9",".409",608,"93.1",".314"
2025,"McGuire, Reese",624512,112,"L",139,57,"41.0",".402",82,"59.0",".216"
2025,"Suzuki, Seiya",673548,112,"R",647,55,"8.5",".297",592,"91.5",".348"
2025,"Castro, Willi",650489,112,"L",339,130,"38.3",".260",209,"61.7",".312"
2025,"Santana, Carlos",467793,112,"R",147,35,"23.8",".375",112,"76.2",".269"
2025,"Crow-Armstrong, Pete",691718,112,"L",645,231,"35.8",".320",414,"64.2",".326"
2025,"Happ, Ian",664023,112,"L",475,242,"50.9",".283",233,"49.1",".406"
2025,"Santana, Carlos",467793,112,"L",326,216,"66.3",".276",110,"33.7",".287"
2025,"Tucker, Kyle",663656,112,"L",588,376,"63.9",".368",212,"36.1",".354"
2025,"Busch, Michael",683737,112,"L",588,322,"54.8",".390",266,"45.2",".343"
2025,"Swanson, Dansby",621020,112,"R",643,63,"9.8",".329",580,"90.2",".307"
2025,"Friedl, TJ",670770,113,"L",684,195,"28.5",".305",489,"71.5",".343"
2025,"De La Cruz, Elly",682829,113,"L",479,265,"55.3",".361",214,"44.7",".364"
2025,"Benson, Will",666181,113,"L",252,144,"57.1",".305",108,"42.9",".290"
2025,"Candelario, Jeimer",600869,113,"L",67,29,"43.3",".126",38,"56.7",".180"
2025,"Lux, Gavin",666158,113,"L",503,219,"43.5",".312",284,"56.5",".330"
2025,"Hays, Austin",669720,113,"R",414,28,"6.8",".454",386,"93.2",".317"
2025,"Schneemann, Daniel",682177,114,"L",421,190,"45.1",".288",231,"54.9",".275"
2025,"Noel, Jhonkensy",678877,114,"R",153,36,"23.5",".230",117,"76.5",".199"
2025,"Martínez, Angel",682657,114,"L",315,147,"46.7",".162",168,"53.3",".301"
2025,"Valera, George",671655,114,"L",49,31,"63.3",".315",18,"36.7",".337"
2025,"Martínez, Angel",682657,114,"R",169,27,"16.0",".245",142,"84.0",".364"
2025,"Manzardo, Kyle",700932,114,"L",529,299,"56.5",".318",230,"43.5",".344"
2025,"Kwan, Steven",680757,114,"L",690,128,"18.6",".215",562,"81.4",".330"
2025,"Ramírez, José",608070,114,"L",462,325,"70.3",".367",137,"29.7",".323"
2025,"Ramírez, José",608070,114,"R",189,53,"28.0",".476",136,"72.0",".330"
2025,"Jones, Nolan",666134,114,"L",401,197,"49.1",".254",204,"50.9",".284"
2025,"Kayfus, CJ",692216,114,"L",138,61,"44.2",".234",77,"55.8",".361"
2025,"Hedges, Austin",595978,114,"R",180,34,"18.9",".154",146,"81.1",".260"
2025,"Naylor, Bo",666310,114,"L",414,216,"52.2",".279",198,"47.8",".299"
2025,"Rocchio, Brayan",677587,114,"L",267,112,"41.9",".253",155,"58.1",".286"
2025,"Fry, David",681807,114,"R",156,28,"17.9",".407",128,"82.1",".227"
2025,"Goodman, Hunter",696100,115,"R",579,65,"11.2",".409",514,"88.8",".352"
2025,"Fernández, Yanquiel",692585,115,"L",147,91,"61.9",".326",56,"38.1",".173"
2025,"Beck, Jordan",687597,115,"R",587,52,"8.9",".422",535,"91.1",".310"
2025,"Toglia, Michael",669911,115,"L",239,159,"66.5",".267",80,"33.5",".241"
2025,"Amador, Adael",691182,115,"L",103,43,"41.7",".231",60,"58.3",".307"
2025,"Moniak, Mickey",666160,115,"L",460,230,"50.0",".296",230,"50.0",".399"
2025,"Martini, Nick",605361,115,"L",110,67,"60.9",".241",43,"39.1",".287"
2025,"Doyle, Brenton",686668,115,"R",538,38,"7.1",".185",500,"92.9",".289"
2025,"Quero, Edgar",700337,145,"L",265,131,"49.4",".307",134,"50.6",".241"
2025,"Benintendi, Andrew",643217,145,"L",466,264,"56.7",".268",202,"43.3",".379"
2025,"Rojas, Josh",668942,145,"L",210,82,"39.0",".266",128,"61.0",".212"
2025,"Taylor, Michael A.",572191,145,"R",324,35,"10.8",".316",289,"89.2",".265"
2025,"Montgomery, Colson",695657,145,"L",283,193,"68.2",".351",90,"31.8",".363"
2025,"Palacios, Joshua",641943,145,"L",144,72,"50.0",".284",72,"50.0",".259"
2025,"Maton, Nick",665155,145,"L",63,41,"65.1",".249",22,"34.9",".318"
2025,"Tauchman, Mike",643565,145,"L",385,217,"56.4",".304",168,"43.6",".376"
2025,"Baldwin, Brooks",681460,145,"L",264,143,"54.2",".341",121,"45.8",".282"
2025,"Vargas, Miguel",678246,145,"R",568,61,"10.7",".356",507,"89.3",".310"
2025,"Teel, Kyle",691019,145,"L",297,176,"59.3",".327",121,"40.7",".382"
2025,"Robert Jr., Luis",673357,145,"R",427,43,"10.1",".391",384,"89.9",".278"
2025,"Sosa, Lenyn",672820,145,"R",543,29,"5.3",".301",514,"94.7",".314"
2025,"Robertson, Will",683770,145,"L",75,50,"66.7",".117",25,"33.3",".212"
2025,"Keith, Colt",690993,116,"L",467,299,"64.0",".316",168,"36.0",".343"
2025,"Meadows, Parker",678009,116,"L",213,127,"59.6",".215",86,"40.4",".368"
2025,"Báez, Javier",595879,116,"R",436,32,"7.3",".365",404,"92.7",".288"
2025,"Jung, Jace",690291,116,"L",55,34,"61.8",".128",21,"38.2",".268"
2025,"Greene, Riley",682985,116,"L",654,424,"64.8",".333",230,"35.2",".362"
2025,"Sweeney, Trey",700242,116,"L",327,177,"54.1",".206",150,"45.9",".289"
2025,"Carpenter, Kerry",681481,116,"L",464,327,"70.5",".337",137,"29.5",".329"
2025,"Dingler, Dillon",693307,116,"R",467,55,"11.8",".320",412,"88.2",".327"
2025,"McKinstry, Zach",656716,116,"L",510,250,"49.0",".344",260,"51.0",".323"
2025,"Torkelson, Spencer",679529,116,"R",643,83,"12.9",".322",560,"87.1",".341"
2025,"Pérez, Wenceel",672761,116,"L",274,165,"60.2",".270",109,"39.8",".359"
2025,"Sánchez, Jesús",660821,117,"L",495,257,"51.9",".306",238,"48.1",".301"
2025,"Urías, Ramón",602104,117,"R",387,35,"9.0",".420",352,"91.0",".280"
2025,"Hummel, Cooper",669450,117,"L",60,31,"51.7",".151",29,"48.3",".296"
2025,"Melton, Jacob",689200,117,"L",78,30,"38.5",".270",48,"61.5",".153"
2025,"Walker, Christian",572233,117,"R",639,81,"12.7",".362",558,"87.3",".303"
2025,"Caratini, Victor",605170,117,"L",324,219,"67.6",".307",105,"32.4",".339"
2025,"Peña, Jeremy",665161,117,"R",541,53,"9.8",".448",488,"90.2",".354"
2025,"Smith, Cam",701358,117,"R",493,29,"5.9",".286",464,"94.1",".299"
2025,"Meyers, Jake",676694,117,"R",381,42,"11.0",".344",339,"89.0",".320"
2025,"Alvarez, Yordan",670541,117,"L",194,164,"84.5",".349",30,"15.5",".278"
2025,"Altuve, Jose",514888,117,"R",649,93,"14.3",".395",556,"85.7",".321"
2025,"Cole, Zach",805904,117,"L",52,28,"53.8",".387",24,"46.2",".357"
2025,"Correa, Carlos",621043,117,"R",583,36,"6.2",".266",547,"93.8",".326"
2025,"Diaz, Yainer",673237,117,"R",565,66,"11.7",".355",499,"88.3",".293"
2025,"Paredes, Isaac",670623,117,"R",438,93,"21.2",".387",345,"78.8",".343"
2025,"Trammell, Taylor",666211,117,"L",135,90,"66.7",".321",45,"33.3",".205"
2025,"Frazier, Adam",624428,118,"L",457,194,"42.5",".281",263,"57.5",".314"
2025,"Rave, John",670231,118,"L",175,99,"56.6",".263",76,"43.4",".271"
2025,"Caglianone, Jac",695506,118,"L",232,171,"73.7",".243",61,"26.3",".228"
2025,"Pasquantino, Vinnie",686469,118,"L",677,444,"65.6",".353",233,"34.4",".314"
2025,"Grichuk, Randal",545341,118,"R",292,35,"12.0",".276",257,"88.0",".290"
2025,"Biggio, Cavan",624415,118,"L",82,46,"56.1",".226",36,"43.9",".287"
2025,"India, Jonathan",663697,118,"R",566,47,"8.3",".273",519,"91.7",".302"
2025,"Waters, Drew",671221,118,"L",175,88,"50.3",".227",87,"49.7",".352"
2025,"Isbel, Kyle",664728,118,"L",409,178,"43.5",".283",231,"56.5",".290"
2025,"Perez, Salvador",521692,118,"R",636,125,"19.7",".233",511,"80.3",".330"
2025,"Yastrzemski, Mike",573262,118,"L",554,289,"52.2",".285",265,"47.8",".360"
2025,"Jensen, Carter",695600,118,"L",69,49,"71.0",".452",20,"29.0",".283"
2025,"Witt Jr., Bobby",677951,118,"R",679,42,"6.2",".353",637,"93.8",".361"
2025,"Melendez, MJ",669004,118,"L",65,37,"56.9",".212",28,"43.1",".071"
2025,"Massey, Michael",686681,118,"L",277,152,"54.9",".230",125,"45.1",".284"
2025,"Betts, Mookie",605141,119,"R",661,63,"9.5",".351",598,"90.5",".314"
2025,"Kim, Hyeseong",808975,119,"L",170,47,"27.6",".296",123,"72.4",".309"
2025,"Conforto, Michael",624424,119,"L",485,228,"47.0",".289",257,"53.0",".284"
2025,"Freeman, Freddie",518692,119,"L",619,338,"54.6",".383",281,"45.4",".355"
2025,"Rushing, Dalton",687221,119,"L",155,86,"55.5",".243",69,"44.5",".273"
2025,"Pages, Andy",681624,119,"R",623,50,"8.0",".354",573,"92.0",".331"
2025,"Rortvedt, Ben",666163,119,"L",128,38,"29.7",".165",90,"70.3",".230"
2025,"Ohtani, Shohei",660271,119,"L",705,472,"67.0",".418",233,"33.0",".421"
2025,"Edman, Tommy",669242,119,"L",252,87,"34.5",".262",165,"65.5",".292"
2025,"Smith, Will",669257,119,"R",433,44,"10.2",".495",389,"89.8",".378"
2025,"Freeland, Alex",690976,119,"L",81,52,"64.2",".279",29,"35.8",".304"
2025,"Muncy, Max",571970,119,"L",385,261,"67.8",".347",124,"32.2",".398"
2025,"Marsee, Jakob",805300,146,"L",234,90,"38.5",".365",144,"61.5",".362"
2025,"Ramírez, Agustín",682663,146,"R",583,46,"7.9",".505",537,"92.1",".284"
2025,"Hicks, Liam",689414,146,"L",390,202,"51.8",".312",188,"48.2",".313"
2025,"Mervis, Matt",670223,146,"L",133,95,"71.4",".296",38,"28.6",".220"
2025,"Conine, Griffin",665052,146,"L",86,43,"50.0",".326",43,"50.0",".311"
2025,"Wagaman, Eric",676572,146,"R",514,29,"5.6",".312",485,"94.4",".292"
2025,"Johnston, Troy",687859,146,"L",121,55,"45.5",".330",66,"54.5",".326"
2025,"Pauley, Graham",688363,146,"L",184,92,"50.0",".296",92,"50.0",".305"
2025,"Norby, Connor",681393,146,"R",336,32,"9.5",".285",304,"90.5",".303"
2025,"Stowers, Kyle",669065,146,"L",453,245,"54.1",".405",208,"45.9",".362"
2025,"Edwards, Xavier",669364,146,"L",418,87,"20.8",".257",331,"79.2",".355"
2025,"Seigler, Anthony",678011,158,"L",73,27,"37.0",".203",46,"63.0",".259"
2025,"Perkins, Blake",663368,158,"L",116,31,"26.7",".214",85,"73.3",".271"
2025,"Collins, Isaac",686555,158,"L",295,103,"34.9",".332",192,"65.1",".372"
2025,"Bauers, Jake",641343,158,"L",217,104,"47.9",".385",113,"52.1",".285"
2025,"Yelich, Christian",592885,158,"L",638,278,"43.6",".294",360,"56.4",".381"
2025,"Turang, Brice",668930,158,"L",658,120,"18.2",".299",538,"81.8",".357"
2025,"Frelick, Sal",686217,158,"L",594,134,"22.6",".292",460,"77.4",".344"
2025,"Jansen, Danny",643376,158,"R",336,41,"12.2",".294",295,"87.8",".323"
2025,"Lewis, Royce",668904,142,"R",403,65,"16.1",".319",338,"83.9",".286"
2025,"Clemens, Kody",665019,142,"L",384,221,"57.6",".284",163,"42.4",".340"
2025,"Lee, Brooks",686797,142,"L",349,189,"54.2",".277",160,"45.8",".285"
2025,"Gasper, Mickey",681508,142,"L",73,50,"68.5",".292",23,"31.5",".101"
2025,"Larnach, Trevor",663616,142,"L",563,366,"65.0",".315",197,"35.0",".317"
2025,"Wallner, Matt",670242,142,"L",391,290,"74.2",".338",101,"25.8",".318"
2025,"Julien, Edouard",666397,142,"L",208,110,"52.9",".286",98,"47.1",".286"
2025,"Outman, James",681546,142,"L",148,73,"49.3",".238",75,"50.7",".236"
2025,"Buxton, Byron",621439,142,"R",537,109,"20.3",".370",428,"79.7",".366"
2025,"Roden, Alan",702176,142,"L",153,73,"47.7",".247",80,"52.3",".250"
2025,"Baty, Brett",683146,121,"L",428,226,"52.8",".307",202,"47.2",".345"
2025,"McNeil, Jeff",643446,121,"L",452,170,"37.6",".272",282,"62.4",".356"
2025,"Soto, Juan",665742,121,"L",697,442,"63.4",".390",255,"36.6",".390"
2025,"Mauricio, Ronny",677595,121,"L",145,96,"66.2",".294",49,"33.8",".426"
2025,"Alonso, Pete",624413,121,"R",699,53,"7.6",".391",646,"92.4",".367"
2025,"Winker, Jesse",608385,121,"L",79,41,"51.9",".215",38,"48.1",".402"
2025,"Nimmo, Brandon",607043,121,"L",646,252,"39.0",".271",394,"61.0",".367"
2025,"Lindor, Francisco",596019,121,"L",497,293,"59.0",".344",204,"41.0",".397"
2025,"Mullins, Cedric",656775,121,"L",493,249,"50.5",".249",244,"49.5",".356"
2025,"Vivas, Jorbit",678391,147,"L",65,37,"56.9",".146",28,"43.1",".346"
2025,"Grisham, Trent",663757,147,"L",581,350,"60.2",".328",231,"39.8",".392"
2025,"Judge, Aaron",592450,147,"R",642,131,"20.4",".516",511,"79.6",".449"
2025,"Escarra, J.C.",641555,147,"L",98,69,"70.4",".283",29,"29.6",".273"
2025,"Wells, Austin",669224,147,"L",447,286,"64.0",".277",161,"36.0",".345"
2025,"McMahon, Ryan",641857,147,"L",585,328,"56.1",".295",257,"43.9",".321"
2025,"Rice, Ben",700250,147,"L",530,385,"72.6",".355",145,"27.4",".368"
2025,"Chisholm Jr., Jazz",665862,147,"L",529,317,"59.9",".366",212,"40.1",".322"
2025,"Domínguez, Jasson",691176,147,"L",324,220,"67.9",".353",104,"32.1",".296"
2025,"Cabrera, Oswaldo",665828,147,"L",101,42,"41.6",".252",59,"58.4",".299"
2025,"Bellinger, Cody",641355,147,"L",655,426,"65.0",".329",229,"35.0",".383"
2025,"Stott, Bryson",681082,143,"L",559,206,"36.9",".267",353,"63.1",".343"
2025,"Marchán, Rafael",665561,143,"L",83,44,"53.0",".204",39,"47.0",".299"
2025,"Kepler, Max",596146,143,"L",471,288,"61.1",".317",183,"38.9",".275"
2025,"Harper, Bryce",547180,143,"L",574,386,"67.2",".369",188,"32.8",".345"
2025,"Bader, Harrison",664056,143,"R",500,39,"7.8",".519",461,"92.2",".333"
2025,"Marsh, Brandon",669016,143,"L",424,195,"46.0",".338",229,"54.0",".341"
2025,"Turner, Trea",607208,143,"R",638,35,"5.5",".346",603,"94.5",".352"
2025,"Schwarber, Kyle",656941,143,"L",718,533,"74.2",".379",185,"25.8",".427"
2025,"Realmuto, J.T.",592663,143,"R",549,35,"6.4",".311",514,"93.6",".306"
2025,"Castellanos, Nick",592206,143,"R",589,38,"6.5",".267",551,"93.5",".303"
2025,"Reynolds, Bryan",668804,134,"L",486,270,"55.6",".313",216,"44.4",".300"
2025,"Canario, Alexander",672744,134,"R",234,38,"16.2",".288",196,"83.8",".266"
2025,"Cruz, Oneil",665833,134,"L",540,337,"62.4",".323",203,"37.6",".248"
2025,"Davis, Henry",680779,134,"R",283,34,"12.0",".118",249,"88.0",".245"
2025,"Horwitz, Spencer",687462,134,"L",410,199,"48.5",".340",211,"51.5",".347"
2025,"Rodríguez, Endy",682848,134,"L",45,29,"64.4",".188",16,"35.6",".232"
2025,"McCutchen, Andrew",457705,134,"R",545,56,"10.3",".465",489,"89.7",".290"
2025,"Valdez, Enmanuel",665839,134,"L",102,65,"63.7",".268",37,"36.3",".328"
2025,"Bart, Joey",663698,134,"R",332,38,"11.4",".267",294,"88.6",".323"
2025,"Suwinski, Jack",669261,134,"L",176,99,"56.3",".273",77,"43.8",".214"
2025,"Heyward, Jason",518792,135,"L",95,43,"45.3",".180",52,"54.7",".249"
2025,"Cronenworth, Jake",630105,135,"L",514,135,"26.3",".279",379,"73.7",".353"
2025,"Bogaerts, Xander",593428,135,"R",549,29,"5.3",".321",520,"94.7",".313"
2025,"Arraez, Luis",650333,135,"L",675,45,"6.7",".340",630,"93.3",".312"
2025,"Merrill, Jackson",701538,135,"L",482,172,"35.7",".311",310,"64.3",".343"
2025,"Sheets, Gavin",657757,135,"L",544,246,"45.2",".316",298,"54.8",".329"
2025,"Machado, Manny",592518,135,"R",673,28,"4.2",".170",645,"95.8",".348"
2025,"Wagner, Will",695238,135,"L",149,48,"32.2",".234",101,"67.8",".301"
2025,"Laureano, Ramón",657656,135,"R",485,61,"12.6",".430",424,"87.4",".354"
2025,"O'Hearn, Ryan",656811,135,"L",537,300,"55.9",".352",237,"44.1",".350"
2025,"Tatis Jr., Fernando",665487,135,"R",684,45,"6.6",".467",639,"93.4",".345"
2025,"Raley, Luke",670042,136,"L",219,132,"60.3",".267",87,"39.7",".326"
2025,"Suárez, Eugenio",553993,136,"R",651,114,"17.5",".349",537,"82.5",".347"
2025,"Canzone, Dominic",686527,136,"L",265,173,"65.3",".357",92,"34.7",".360"
2025,"Young, Cole",702284,136,"L",252,126,"50.0",".238",126,"50.0",".318"
2025,"Mastrobuoni, Miles",670156,136,"L",175,69,"39.4",".231",106,"60.6",".315"
2025,"Crawford, J.P.",641487,136,"L",647,231,"35.7",".269",416,"64.3",".352"
2025,"Garver, Mitch",641598,136,"R",289,61,"21.1",".351",228,"78.9",".265"
2025,"Rodríguez, Julio",677594,136,"R",697,27,"3.9",".225",670,"96.1",".346"
2025,"Taveras, Leody",665750,136,"L",148,52,"35.1",".085",96,"64.9",".296"
2025,"Raleigh, Cal",663728,136,"L",478,381,"79.7",".370",97,"20.3",".387"
2025,"Naylor, Josh",647304,136,"L",595,347,"58.3",".385",248,"41.7",".311"
2025,"Polanco, Jorge",593871,136,"L",405,258,"63.7",".361",147,"36.3",".309"
2025,"Raleigh, Cal",663728,136,"R",204,62,"30.4",".471",142,"69.6",".410"
2025,"Rivas, Leo",660844,136,"L",70,41,"58.6",".309",29,"41.4",".360"
2025,"Arozarena, Randy",668227,136,"R",699,86,"12.3",".426",613,"87.7",".321"
2025,"Gilbert, Drew",687551,137,"L",109,53,"48.6",".171",56,"51.4",".344"
2025,"Adames, Willy",642715,137,"R",683,65,"9.5",".338",618,"90.5",".318"
2025,"Smith, Dominic",642086,137,"L",225,126,"56.0",".245",99,"44.0",".428"
2025,"Flores, Wilmer",527038,137,"R",462,46,"10.0",".320",416,"90.0",".301"
2025,"Bailey, Patrick",672275,137,"L",330,127,"38.5",".214",203,"61.5",".309"
2025,"Devers, Rafael",646240,137,"L",717,437,"60.9",".363",280,"39.1",".362"
2025,"Lee, Jung Hoo",808982,137,"L",616,215,"34.9",".289",401,"65.1",".336"
2025,"Chapman, Matt",656305,137,"R",534,47,"8.8",".301",487,"91.2",".340"
2025,"Gorman, Nolan",669357,138,"L",400,218,"54.5",".304",182,"45.5",".277"
2025,"Walker, Jordan",691023,138,"R",395,44,"11.1",".374",351,"88.9",".246"
2025,"Arenado, Nolan",571448,138,"R",431,45,"10.4",".312",386,"89.6",".284"
2025,"Winn, Masyn",691026,138,"R",537,30,"5.6",".473",507,"94.4",".287"
2025,"Contreras, Willson",575929,138,"R",562,45,"8.0",".419",517,"92.0",".338"
2025,"Donovan, Brendan",680977,138,"L",512,233,"45.5",".306",279,"54.5",".363"
2025,"Burleson, Alec",676475,138,"L",545,297,"54.5",".334",248,"45.5",".360"
2025,"Nootbaar, Lars",663457,138,"L",580,270,"46.6",".297",310,"53.4",".311"
2025,"Scott II, Victor",687363,138,"L",463,133,"28.7",".233",330,"71.3",".291"
2025,"Caminero, Junior",691406,139,"R",652,32,"4.9",".394",620,"95.1",".355"
2025,"Feduccia, Hunter",676439,139,"L",105,51,"48.6",".296",54,"51.4",".159"
2025,"Lowe, Josh",666139,139,"L",432,231,"53.5",".311",201,"46.5",".251"
2025,"Simpson, Chandler",802415,139,"L",440,34,"7.7",".298",406,"92.3",".297"
2025,"Mangum, Jake",663968,139,"L",289,27,"9.3",".287",262,"90.7",".320"
2025,"Seymour, Bob",676044,139,"L",83,49,"59.0",".265",34,"41.0",".202"
2025,"Aranda, Jonathan",666018,139,"L",417,294,"70.5",".388",123,"29.5",".370"
2025,"Thaiss, Matt",642136,139,"L",190,125,"65.8",".285",65,"34.2",".323"
2025,"Morel, Christopher",666624,139,"R",305,46,"15.1",".197",259,"84.9",".317"
2025,"Gray, Tristan",656484,139,"L",86,45,"52.3",".325",41,"47.7",".269"
2025,"Lowe, Brandon",664040,139,"L",550,336,"61.1",".318",214,"38.9",".363"
2025,"Misner, Kameron",670224,139,"L",217,141,"65.0",".252",76,"35.0",".308"
2025,"Walls, Taylor",670764,139,"L",214,79,"36.9",".326",135,"63.1",".237"
2025,"Higashioka, Kyle",543309,140,"R",326,71,"21.8",".458",255,"78.2",".255"
2025,"Moore, Dylan",664238,140,"R",243,36,"14.8",".310",207,"85.2",".274"
2025,"Langford, Wyatt",694671,140,"R",570,103,"18.1",".396",467,"81.9",".324"
2025,"Jung, Josh",673962,140,"R",511,43,"8.4",".268",468,"91.6",".301"
2025,"Burger, Jake",669394,140,"R",376,55,"14.6",".313",321,"85.4",".291"
2025,"Osuna, Alejandro",696030,140,"L",174,79,"45.4",".268",95,"54.6",".268"
2025,"García, Adolis",666969,140,"R",546,109,"20.0",".358",437,"80.0",".268"
2025,"Pederson, Joc",592626,140,"L",306,219,"71.6",".295",87,"28.4",".230"
2025,"Carter, Evan",694497,140,"L",219,117,"53.4",".293",102,"46.6",".354"
2025,"Smith, Josh",669701,140,"L",561,253,"45.1",".349",308,"54.9",".279"
2025,"Semien, Marcus",543760,140,"R",534,137,"25.7",".308",397,"74.3",".290"
2025,"Heim, Jonah",641680,140,"L",301,217,"72.1",".265",84,"27.9",".273"
2025,"Seager, Corey",608369,140,"L",435,354,"81.4",".368",81,"18.6",".354"
2025,"Tellez, Rowdy",642133,140,"L",310,220,"71.0",".337",90,"29.0",".235"
2025,"Loperfido, Joey",694388,141,"L",104,44,"42.3",".352",60,"57.7",".403"
2025,"Giménez, Andrés",665926,141,"L",369,144,"39.0",".251",225,"61.0",".280"
2025,"Guerrero Jr., Vladimir",665489,141,"R",672,37,"5.5",".616",635,"94.5",".351"
2025,"Varsho, Daulton",662139,141,"L",270,164,"60.7",".311",106,"39.3",".398"
2025,"Clase, Jonatan",682729,141,"L",81,36,"44.4",".316",45,"55.6",".251"
2025,"Heineman, Tyler",623168,141,"L",124,50,"40.3",".307",74,"59.7",".303"
2025,"Lukes, Nathan",664770,141,"L",436,132,"30.3",".345",304,"69.7",".305"
2025,"Santander, Anthony",623993,141,"L",165,125,"75.8",".246",40,"24.2",".340"
2025,"Clement, Ernie",676391,141,"R",587,43,"7.3",".294",544,"92.7",".309"
2025,"Barger, Addison",680718,141,"L",498,284,"57.0",".278",214,"43.0",".379"
2025,"Springer, George",543807,141,"R",583,55,"9.4",".370",528,"90.6",".412"
2025,"Schneider, Davis",676914,141,"R",227,43,"18.9",".334",184,"81.1",".355"
2025,"Abrams, CJ",682928,120,"L",634,286,"45.1",".324",348,"54.9",".323"
2025,"Bell, Josh",605137,120,"L",412,234,"56.8",".358",178,"43.2",".330"
2025,"Hassell III, Robert",690987,120,"L",206,48,"23.3",".161",158,"76.7",".279"
2025,"Ruiz, Keibert",660688,120,"L",213,121,"56.8",".250",92,"43.2",".245"
2025,"García Jr., Luis",671277,120,"L",525,193,"36.8",".287",332,"63.2",".307"
2025,"Tena, José",677588,120,"L",169,40,"23.7",".223",129,"76.3",".318"
2025,"Adams, Riley",656180,120,"R",286,27,"9.4",".323",259,"90.6",".242"
2025,"Lile, Daylen",695734,120,"L",351,131,"37.3",".383",220,"62.7",".347"
2025,"Wood, James",695578,120,"L",681,325,"47.7",".342",356,"52.3",".363"
2025,"Davis, J.D.",605204,108,"R",10,0,"0.0",".000",10,"100.0",".088"
2025,"Stevens, Chad",677060,108,"R",14,0,"0.0",".000",14,"100.0",".136"
2025,"Barrosa, Jorge",678489,109,"R",44,0,"0.0",".000",44,"100.0",".211"
2025,"Azócar, José",640492,144,"R",21,0,"0.0",".000",21,"100.0",".276"
2025,"Tromp, Chadwick",644433,110,"R",22,0,"0.0",".000",22,"100.0",".221"
2025,"Alcántara, Kevin",682634,112,"R",12,0,"0.0",".000",12,"100.0",".352"
2025,"Candelario, Jeimer",600869,113,"R",24,0,"0.0",".000",24,"100.0",".280"
2025,"Banfield, Will",677943,113,"R",10,0,"0.0",".000",10,"100.0",".088"
2025,"Stewart, Sal",701398,113,"R",58,0,"0.0",".000",58,"100.0",".355"
2025,"Hinds, Rece",677956,113,"R",44,0,"0.0",".000",44,"100.0",".177"
2025,"Hiura, Keston",669374,115,"R",21,0,"0.0",".000",21,"100.0",".289"
2025,"Hill, Derek",656537,145,"R",149,0,"0.0",".000",149,"100.0",".272"
2025,"Dalbec, Bobby",666915,145,"R",21,0,"0.0",".000",21,"100.0",".284"
2025,"Waters, Drew",671221,118,"R",44,0,"0.0",".000",44,"100.0",".184"
2025,"Tolbert, Tyler",686475,118,"R",57,0,"0.0",".000",57,"100.0",".305"
2025,"Barnes, Austin",605131,119,"R",44,0,"0.0",".000",44,"100.0",".227"
2025,"Winkler, Jack",676466,146,"R",16,0,"0.0",".000",16,"100.0",".267"
2025,"Acosta, Maximo",691185,146,"R",61,0,"0.0",".000",61,"100.0",".302"
2025,"Miranda, Jose",669304,142,"R",36,0,"0.0",".000",36,"100.0",".179"
2025,"Siri, Jose",642350,121,"R",36,0,"0.0",".000",36,"100.0",".146"
2025,"Senger, Hayden",663584,121,"R",78,0,"0.0",".000",78,"100.0",".190"
2025,"Rojas, Johan",679032,143,"R",172,0,"0.0",".000",172,"100.0",".254"
2025,"Rodríguez, Endy",682848,134,"R",12,0,"0.0",".000",12,"100.0",".309"
2025,"Campusano, Luis",669134,135,"R",27,0,"0.0",".000",27,"100.0",".154"
2025,"Johnson, Bryce",669369,135,"R",35,0,"0.0",".000",35,"100.0",".315"
2025,"Bliss, Ryan",669208,136,"R",39,0,"0.0",".000",39,"100.0",".268"
2025,"Fermín, José",665877,138,"R",70,0,"0.0",".000",70,"100.0",".352"
2025,"Hampson, Garrett",641658,138,"R",91,0,"0.0",".000",91,"100.0",".205"
2025,"Vilade, Ryan",668723,138,"R",15,0,"0.0",".000",15,"100.0",".151"
2025,"Mangum, Jake",663968,139,"R",136,0,"0.0",".000",136,"100.0",".282"
2025,"Ahmed, Nick",605113,140,"R",10,0,"0.0",".000",10,"100.0",".069"
2025,"Millas, Drew",686452,120,"R",13,0,"0.0",".000",13,"100.0",".217"
2025,"Nuñez, Nasim",683083,120,"R",35,0,"0.0",".000",35,"100.0",".377"
2025,"Urshela, Gio",570482,133,"R",197,1,"0.5",".000",196,"99.5",".272"
2025,"Moncada, Yoán",660162,108,"R",27,1,"3.7",".000",26,"96.3",".231"
2025,"English, Tristin",663536,109,"R",23,1,"4.3",".000",22,"95.7",".128"
2025,"Kaiser, Connor",663731,109,"R",19,1,"5.3",".000",18,"94.7",".157"
2025,"De La Cruz, Bryan",650559,144,"R",50,1,"2.0",".000",49,"98.0",".212"
2025,"Ornelas, Jonathan",680716,144,"R",10,1,"10.0",".691",9,"90.0",".196"
2025,"Williams, Luke",663897,144,"R",33,1,"3.0",".000",32,"97.0",".178"
2025,"Handley, Maverick",668974,110,"R",47,1,"2.1",".000",46,"97.9",".108"
2025,"Sánchez, Ali",645305,111,"R",23,1,"4.3",".000",22,"95.7",".234"
2025,"Sogard, Nick",686765,111,"R",35,1,"2.9",".000",34,"97.1",".381"
2025,"Campbell, Kristian",692225,111,"R",263,1,"0.4",".000",262,"99.6",".300"
2025,"Trejo, Alan",676701,115,"R",43,1,"2.3",".882",42,"97.7",".164"
2025,"Amador, Adael",691182,115,"R",25,1,"4.0",".000",24,"96.0",".094"
2025,"Bryant, Kris",592178,115,"R",41,1,"2.4",".000",40,"97.6",".185"
2025,"Elko, Tim",671284,145,"R",72,1,"1.4",".000",71,"98.6",".231"
2025,"Julks, Corey",667452,145,"R",13,1,"7.7",".000",12,"92.3",".282"
2025,"Amaya, Jacob",676070,145,"R",73,1,"1.4",".882",72,"98.6",".109"
2025,"Margot, Manuel",622534,116,"R",20,1,"5.0",".882",19,"95.0",".232"
2025,"Kreidler, Ryan",668952,116,"R",44,1,"2.3",".000",43,"97.7",".154"
2025,"Ruiz, Esteury",665923,119,"R",23,1,"4.3",".000",22,"95.7",".276"
2025,"Navarreto, Brian",640459,146,"R",15,1,"6.7","1.252",14,"93.3",".298"
2025,"Wiemer, Joey",686894,146,"R",60,1,"1.7",".000",59,"98.3",".302"
2025,"Cameron, Daz",663662,158,"R",42,1,"2.4",".000",41,"97.6",".226"
2025,"LeMahieu, DJ",518934,147,"R",142,1,"0.7",".000",141,"99.3",".306"
2025,"Reyes, Pablo",622569,147,"R",34,1,"2.9",".000",33,"97.1",".220"
2025,"Flores Jr., Rafael",804668,134,"R",17,1,"5.9",".000",16,"94.1",".298"
2025,"Devanney, Cam",687478,134,"R",38,1,"2.6",".000",37,"97.4",".167"
2025,"Iglesias, Jose",578428,135,"R",343,1,"0.3",".691",342,"99.7",".267"
2025,"Gonzalez, Oscar",660757,135,"R",61,1,"1.6",".000",60,"98.4",".220"
2025,"McCoy, Mason",669200,135,"R",26,1,"3.8",".722",25,"96.2",".204"
2025,"Taveras, Leody",665750,136,"R",31,1,"3.2",".000",30,"96.8",".294"
2025,"Stefanic, Michael",683021,141,"R",25,1,"4.0",".000",24,"96.0",".234"
2025,"Clase, Jonatan",682729,141,"R",31,1,"3.2",".000",30,"96.8",".239"
2025,"Alfaro, Jorge",595751,120,"R",39,1,"2.6",".000",38,"97.4",".252"
2025,"Campero, Gustavo",672569,108,"R",19,2,"10.5",".000",17,"89.5",".120"
2025,"Newman, Kevin",621028,108,"R",116,2,"1.7",".000",114,"98.3",".213"
2025,"Anderson, Tim",641313,108,"R",90,2,"2.2",".000",88,"97.8",".234"
2025,"Bruján, Vidal",660644,144,"R",18,2,"11.1",".346",16,"88.9",".289"
2025,"Vázquez, Luis",676679,110,"R",53,2,"3.8",".000",51,"96.2",".209"
2025,"Gonzalez, Romy",663853,111,"R",340,2,"0.6",".000",338,"99.4",".354"
2025,"Berti, Jon",542932,112,"R",106,2,"1.9",".000",104,"98.1",".224"
2025,"Joe, Connor",656582,113,"R",80,2,"2.5",".707",78,"97.5",".219"
2025,"Dunn, Blake",694362,113,"R",75,2,"2.7",".000",73,"97.3",".280"
2025,"Lee, Korey",686676,145,"R",40,2,"5.0",".000",38,"95.0",".351"
2025,"Ramos, Bryan",682868,145,"R",12,2,"16.7",".000",10,"83.3",".250"
2025,"Pérez, Wenceel",672761,116,"R",109,2,"1.8",".000",107,"98.2",".356"
2025,"Kennedy, Buddy",671083,119,"R",32,2,"6.3",".346",30,"93.8",".118"
2025,"Pereda, Jhonny",640902,142,"R",78,2,"2.6",".346",76,"97.4",".294"
2025,"Marchán, Rafael",665561,143,"R",35,2,"5.7",".346",33,"94.3",".297"
2025,"Yorke, Nick",694377,134,"R",72,2,"2.8",".000",70,"97.2",".264"
2025,"Bae, Ji Hwan",678225,134,"L",25,2,"8.0",".000",23,"92.0",".189"
2025,"Solak, Nick",669256,134,"R",11,2,"18.2",".000",9,"81.8",".098"
2025,"Simon, Ronny",682927,134,"R",14,2,"14.3",".441",12,"85.7",".143"
2025,"Williamson, Ben",810938,136,"R",295,2,"0.7",".000",293,"99.3",".271"
2025,"Encarnacion, Jerar",666464,137,"R",56,2,"3.6",".626",54,"96.4",".233"
2025,"Knizner, Andrew",668800,137,"R",88,2,"2.3",".441",86,"97.7",".266"
2025,"Pereira, Everson",677592,139,"R",73,2,"2.7",".000",71,"97.3",".218"
2025,"Freeman, Cody",683227,140,"R",121,2,"1.7",".441",119,"98.3",".258"
2025,"Heineman, Tyler",623168,141,"R",50,2,"4.0",".000",48,"96.0",".450"
2025,"Ruiz, Keibert",660688,120,"R",54,2,"3.7",".000",52,"96.3",".331"
2025,"Kingery, Scott",664068,108,"R",29,3,"10.3",".000",26,"89.7",".203"
2025,"Fairchild, Stuart",656413,144,"R",55,3,"5.5",".000",52,"94.5",".282"
2025,"Alvarez Jr., Nacho",805373,144,"R",208,3,"1.4",".000",205,"98.6",".283"
2025,"Wong, Connor",657136,111,"R",188,3,"1.6",".525",185,"98.4",".225"
2025,"Trevino, Jose",624431,113,"R",302,3,"1.0",".230",299,"99.0",".271"
2025,"Rodríguez, Johnathan",671286,114,"R",77,3,"3.9",".294",74,"96.1",".272"
2025,"Schunk, Aaron",668845,115,"R",33,3,"9.1",".000",30,"90.9",".195"
2025,"Miller, Owen",680911,115,"R",17,3,"17.6",".525",14,"82.4",".164"
2025,"Vierling, Matt",663837,116,"R",100,3,"3.0",".230",97,"97.0",".279"
2025,"Caratini, Victor",605170,117,"R",62,3,"4.8",".241",59,"95.2",".327"
2025,"Hummel, Cooper",669450,117,"R",45,3,"6.7",".294",42,"93.3",".329"
2025,"Matthews, Brice",694728,117,"R",47,3,"6.4",".294",44,"93.6",".286"
2025,"Whitcomb, Shay",694376,117,"R",32,3,"9.4",".000",29,"90.6",".162"
2025,"Maile, Luke",571912,118,"R",54,3,"5.6",".000",51,"94.4",".336"
2025,"Lockridge, Brandon",663604,158,"R",148,3,"2.0",".294",145,"98.0",".254"
2025,"Black, Tyler",672012,158,"L",13,3,"23.1",".000",10,"76.9",".559"
2025,"Perkins, Blake",663368,158,"R",55,3,"5.5",".461",52,"94.5",".346"
2025,"Acuña, Luisangel",682668,121,"R",193,3,"1.6",".230",190,"98.4",".258"
2025,"Mauricio, Ronny",677595,121,"R",38,3,"7.9",".000",35,"92.1",".115"
2025,"Cabrera, Oswaldo",665828,147,"R",21,3,"14.3",".000",18,"85.7",".373"
2025,"Gurriel, Yuli",493329,135,"R",40,3,"7.5",".230",37,"92.5",".161"
2025,"Rivas, Leo",660844,136,"R",41,3,"7.3",".000",38,"92.7",".366"
2025,"Koss, Christian",683766,137,"R",191,3,"1.6",".230",188,"98.4",".298"
2025,"Villar, David",681584,137,"R",25,3,"12.0",".294",22,"88.0",".296"
2025,"Barrero, José",676480,138,"R",31,3,"9.7",".000",28,"90.3",".231"
2025,"Montes, Coco",663796,139,"R",10,3,"30.0",".588",7,"70.0",".000"
2025,"Lugo, Matthew",683090,108,"R",70,4,"5.7",".662",66,"94.3",".277"
2025,"Alexander, Blaze",677942,109,"R",265,4,"1.5",".509",261,"98.5",".309"
2025,"Toro, Abraham",647351,111,"R",81,4,"4.9",".173",77,"95.1",".293"
2025,"Lopez, Nicky",670032,112,"L",28,4,"14.3",".000",24,"85.7",".152"
2025,"Brennan, Will",686823,114,"L",13,4,"30.8",".173",9,"69.2",".178"
2025,"Nola, Austin",543592,115,"R",41,4,"9.8",".614",37,"90.2",".152"
2025,"McCormick, Chas",676801,117,"R",116,4,"3.4",".173",112,"96.6",".260"
2025,"Guillorme, Luis",641645,117,"L",21,4,"19.0",".173",17,"81.0",".156"
2025,"Edman, Tommy",669242,119,"R",123,4,"3.3",".509",119,"96.7",".270"
2025,"Avans, Drew",682183,158,"L",18,4,"22.2",".221",14,"77.8",".063"
2025,"Ortiz, Joey",687401,158,"R",506,4,"0.8",".441",502,"99.2",".262"
2025,"Monasterio, Andruw",655316,158,"R",135,4,"3.0",".221",131,"97.0",".331"
2025,"Haase, Eric",606992,158,"R",77,4,"5.2",".393",73,"94.8",".280"
2025,"Gasper, Mickey",681508,142,"R",37,4,"10.8",".393",33,"89.2",".203"
2025,"Slater, Austin",596103,147,"R",160,4,"2.5",".000",156,"97.5",".287"
2025,"Thomas, Rhylan",689041,136,"L",10,4,"40.0",".313",6,"60.0",".115"
2025,"Jiménez, Leo",677870,141,"R",31,4,"12.9",".221",27,"87.1",".132"
2025,"Rivero, Sebastián",665861,108,"R",34,5,"14.7",".138",29,"85.3",".208"
2025,"Vargas, Ildemaro",545121,109,"R",52,5,"9.6",".315",47,"90.4",".290"
2025,"Profar, Jurickson",595777,144,"R",107,5,"4.7",".176",102,"95.3",".341"
2025,"Allen, Nick",669397,144,"R",415,5,"1.2",".176",410,"98.8",".247"
2025,"Carlson, Dylan",666185,110,"R",72,5,"6.9",".176",67,"93.1",".241"
2025,"Mateo, Jorge",622761,110,"R",82,5,"6.1",".000",77,"93.9",".231"
2025,"Allen, Greg",656185,110,"L",14,5,"35.7",".000",9,"64.3",".000"
2025,"Rivera, Emmanuel",656896,110,"R",127,5,"3.9",".000",122,"96.1",".269"
2025,"Machín, Vimael",605353,110,"L",12,5,"41.7",".000",7,"58.3",".390"
2025,"Hurtubise, Jacob",674441,113,"L",15,5,"33.3",".000",10,"66.7",".302"
2025,"Baldwin, Brooks",681460,145,"R",64,5,"7.8",".173",59,"92.2",".253"
2025,"Narváez, Omar",553882,145,"L",10,5,"50.0",".315",5,"50.0",".315"
2025,"Nido, Tomás",621512,116,"R",37,5,"13.5",".353",32,"86.5",".308"
2025,"Freeland, Alex",690976,119,"R",16,5,"31.3",".176",11,"68.8",".206"
2025,"Torrens, Luis",620443,121,"R",283,5,"1.8",".491",278,"98.2",".274"
2025,"Díaz, Elias",553869,135,"R",282,5,"1.8",".407",277,"98.2",".268"
2025,"Peters, Tristan",671976,139,"L",12,5,"41.7",".000",7,"58.3",".000"
2025,"Kirk, Alejandro",672386,141,"R",504,5,"1.0",".353",499,"99.0",".334"
2025,"Santander, Anthony",623993,141,"R",55,5,"9.1",".315",50,"90.9",".204"
2025,"Young, Jacob",696285,120,"R",364,5,"1.4",".138",359,"98.6",".266"
2025,"Paris, Kyren",677347,108,"R",140,6,"4.3",".526",134,"95.7",".272"
2025,"Acuña Jr., Ronald",660670,144,"R",408,6,"1.5",".115",402,"98.5",".407"
2025,"Sabol, Blake",666165,111,"L",18,6,"33.3",".471",12,"66.7",".000"
2025,"Shaw, Matt",807713,112,"R",436,6,"1.4",".000",430,"98.6",".305"
2025,"Stephenson, Tyler",663886,113,"R",339,6,"1.8",".294",333,"98.2",".320"
2025,"Freeman, Tyler",671289,115,"R",428,6,"1.4",".650",422,"98.6",".315"
2025,"Baddoo, Akil",668731,116,"L",18,6,"33.3",".147",12,"66.7",".162"
2025,"Malloy, Justyn-Henry",669234,116,"R",127,6,"4.7",".000",121,"95.3",".316"
2025,"Marte, Starling",516782,121,"R",329,6,"1.8",".147",323,"98.2",".330"
2025,"Wilson, Weston",642215,143,"R",125,6,"4.8",".262",119,"95.2",".289"
2025,"Peguero, Liover",678894,134,"R",88,6,"6.8",".147",82,"93.2",".290"
2025,"Walls, Taylor",670764,139,"R",101,6,"5.9",".115",95,"94.1",".268"
2025,"Straw, Myles",664702,141,"R",299,6,"2.0",".147",293,"98.0",".302"
2025,"Nuñez, Nasim",683083,120,"L",57,6,"10.5",".115",51,"89.5",".275"
2025,"Clarke, Denzel",672016,133,"R",159,7,"4.4",".531",152,"95.6",".269"
2025,"Wilson, Jacob",805779,133,"R",522,7,"1.3",".305",515,"98.7",".348"
2025,"Locklear, Tyler",682988,109,"R",116,7,"6.0",".225",109,"94.0",".246"
2025,"White, Eli",642201,144,"R",270,7,"2.6",".722",263,"97.4",".278"
2025,"Jackson, Jeremiah",669236,110,"R",183,7,"3.8",".252",176,"96.2",".339"
2025,"Eaton, Nate",681987,111,"R",90,7,"7.8",".477",83,"92.2",".309"
2025,"Castro, Willi",650489,112,"R",114,7,"6.1",".103",107,"93.9",".345"
2025,"Capra, Vinny",681962,145,"R",105,7,"6.7",".417",98,"93.3",".130"
2025,"Edwards, Xavier",669364,146,"R",198,7,"3.5",".324",191,"96.5",".252"
2025,"Gorski, Matt",685301,134,"R",42,7,"16.7",".291",35,"83.3",".249"
2025,"Ornelas, Tirso",672359,135,"L",16,7,"43.8",".225",9,"56.3",".077"
2025,"Siani, Michael",672279,138,"L",19,7,"36.8",".351",12,"63.2",".205"
2025,"Chaparro, Andrés",665953,120,"R",73,7,"9.6",".225",66,"90.4",".229"
2025,"House, Brady",691781,120,"R",274,7,"2.6",".504",267,"97.4",".242"
2025,"Muncy, Max",691777,133,"R",220,8,"3.6",".509",212,"96.4",".268"
2025,"Taylor, Chris",621035,108,"R",125,8,"6.4",".698",117,"93.6",".219"
2025,"McCann, James",543510,109,"R",137,8,"5.8",".421",129,"94.2",".323"
2025,"Herrera, Jose",645444,109,"R",60,8,"13.3",".197",52,"86.7",".321"
2025,"Hoerner, Nico",663538,112,"R",648,8,"1.2",".377",640,"98.8",".323"
2025,"Encarnacion-Strand, Christian",687952,113,"R",137,8,"5.8",".341",129,"94.2",".256"
2025,"Workman, Gage",669398,145,"L",17,8,"47.1",".307",9,"52.9",".139"
2025,"Dubón, Mauricio",643289,117,"R",398,8,"2.0",".475",390,"98.0",".279"
2025,"Sanoja, Javier",691594,146,"R",342,8,"2.3",".562",334,"97.7",".288"
2025,"Collins, Isaac",686555,158,"R",146,8,"5.5",".156",138,"94.5",".327"
2025,"McCusker, Carson",676812,142,"R",30,8,"26.7",".331",22,"73.3",".112"
2025,"Bohm, Alec",664761,143,"R",504,8,"1.6",".598",496,"98.4",".318"
2025,"McCray, Grant",687529,137,"L",26,8,"30.8",".000",18,"69.2",".226"
2025,"DeLuca, Jonny",676356,139,"R",59,8,"13.6",".267",51,"86.4",".363"
2025,"Williams, Carson",700246,139,"R",105,8,"7.6",".000",97,"92.4",".271"
2025,"Barnhart, Tucker",571466,140,"L",15,8,"53.3",".421",7,"46.7",".099"
2025,"Bichette, Bo",666182,141,"R",626,8,"1.3",".521",618,"98.7",".359"
2025,"MacIver, Willie",680862,133,"R",111,9,"8.1",".401",102,"91.9",".243"
2025,"Wynns, Austin",642851,133,"R",110,9,"8.2",".237",101,"91.8",".377"
2025,"Harris, Brett",695391,133,"R",84,9,"10.7",".307",75,"89.3",".311"
2025,"Rengifo, Luis",650859,108,"R",102,9,"8.8",".098",93,"91.2",".282"
2025,"Moreno, Gabriel",672515,109,"R",306,9,"2.9",".335",297,"97.1",".340"
2025,"Stallings, Jacob",607732,110,"R",129,9,"7.0",".355",120,"93.0",".157"
2025,"Jackson, Alex",656577,110,"R",100,9,"9.0",".505",91,"91.0",".310"
2025,"Turner, Justin",457759,112,"R",191,9,"4.7",".499",182,"95.3",".257"
2025,"Caissie, Owen",683357,112,"L",27,9,"33.3",".365",18,"66.7",".185"
2025,"Amaya, Miguel",665804,112,"R",103,9,"8.7",".324",94,"91.3",".348"
2025,"Toglia, Michael",669911,115,"R",96,9,"9.4",".335",87,"90.6",".278"
2025,"Karros, Kyle",691720,115,"R",156,9,"5.8",".175",147,"94.2",".274"
2025,"Meidroth, Chase",805367,145,"R",504,9,"1.8",".175",495,"98.2",".295"
2025,"Salazar, César",663967,117,"L",16,9,"56.3",".255",7,"43.8",".351"
2025,"Short, Zack",670097,117,"R",56,9,"16.1",".110",47,"83.9",".327"
2025,"Hernández, Heriberto",681715,146,"R",294,9,"3.1",".562",285,"96.9",".334"
2025,"Bride, Jonah",681146,142,"R",124,9,"7.3",".371",115,"92.7",".190"
2025,"Johnson, Bryce",669369,135,"L",49,9,"18.4",".335",40,"81.6",".402"
2025,"Huff, Sam",669087,137,"R",58,9,"15.5",".175",49,"84.5",".277"
2025,"McLain, Matt",680574,113,"R",575,10,"1.7",".387",565,"98.3",".286"
2025,"Ritter, Ryan",690022,115,"R",207,10,"4.8",".176",197,"95.2",".285"
2025,"Bouchard, Sean",656248,115,"R",73,10,"13.7",".157",63,"86.3",".235"
2025,"Rojas, Miguel",500743,119,"R",314,10,"3.2",".575",304,"96.8",".303"
2025,"Chourio, Jackson",694192,158,"R",588,10,"1.7",".283",578,"98.3",".329"
2025,"Durbin, Caleb",702332,158,"R",506,10,"2.0",".176",496,"98.0",".322"
2025,"Vázquez, Christian",543877,142,"R",214,10,"4.7",".246",204,"95.3",".249"
2025,"Jankowski, Travis",608671,121,"L",50,10,"20.0",".390",40,"80.0",".221"
2025,"Robles, Victor",645302,136,"R",114,10,"8.8",".249",104,"91.2",".270"
2025,"Saggese, Thomas",695336,138,"R",294,10,"3.4",".302",284,"96.6",".283"
2025,"Pillar, Kevin",607680,140,"R",43,10,"23.3",".427",33,"76.7",".134"
2025,"Hernaiz, Darell",687231,133,"R",197,11,"5.6",".080",186,"94.4",".277"
2025,"Guzman, Denzer",694203,108,"R",43,11,"25.6",".223",32,"74.4",".249"
2025,"d'Arnaud, Travis",518595,108,"R",231,11,"4.8",".194",220,"95.2",".266"
2025,"Kim, Ha-Seong",673490,144,"R",191,11,"5.8",".383",180,"94.2",".282"
2025,"Fletcher, Dominic",666150,145,"L",34,11,"32.4",".371",23,"67.6",".282"
2025,"Rodgers, Brendan",663898,117,"R",128,11,"8.6",".362",117,"91.4",".235"
2025,"Renfroe, Hunter",592669,118,"R",108,11,"10.2",".269",97,"89.8",".213"
2025,"Taylor, Tyrone",621438,121,"R",339,11,"3.2",".189",328,"96.8",".265"
2025,"Gonzales, Nick",693304,134,"R",408,11,"2.7",".194",397,"97.3",".291"
2025,"Solano, Donovan",456781,140,"R",179,11,"6.1",".449",168,"93.9",".265"
2025,"Gelof, Zack",680869,133,"R",101,12,"11.9",".221",89,"88.1",".224"
2025,"Lawlar, Jordan",691783,109,"R",74,12,"16.2",".269",62,"83.8",".239"
2025,"Estrada, Thairo",642731,115,"R",165,12,"7.3",".390",153,"92.7",".275"
2025,"Arcia, Orlando",606115,115,"R",214,12,"5.6",".294",202,"94.4",".229"
2025,"Crim, Blaine",688760,115,"R",74,12,"16.2",".432",62,"83.8",".285"
2025,"Quero, Edgar",700337,145,"R",137,12,"8.8",".546",125,"91.2",".356"
2025,"Dezenzo, Zach",701305,117,"R",109,12,"11.0",".131",97,"89.0",".327"
2025,"Vaughn, Andrew",683734,158,"R",447,12,"2.7",".282",435,"97.3",".312"
2025,"Alvarez, Francisco",682626,121,"R",272,12,"4.4",".115",260,"95.6",".342"
2025,"Rosario, Amed",642708,147,"R",191,12,"6.3",".282",179,"93.7",".324"
2025,"Pagés, Pedro",686780,138,"R",388,12,"3.1",".606",376,"96.9",".265"
2025,"Kiner-Falefa, Isiah",643396,141,"R",459,12,"2.6",".134",447,"97.4",".283"
2025,"DeJong, Paul",657557,120,"R",208,12,"5.8",".162",196,"94.2",".285"
2025,"Rocchio, Brayan",677587,114,"R",116,13,"11.2",".247",103,"88.8",".298"
2025,"Ibáñez, Andy",628451,116,"R",193,13,"6.7",".232",180,"93.3",".293"
2025,"Canha, Mark",592192,118,"R",125,13,"10.4",".325",112,"89.6",".234"
2025,"Domínguez, Jasson",691176,147,"R",104,13,"12.5",".174",91,"87.5",".269"
2025,"Bailey, Patrick",672275,137,"R",122,13,"10.7",".285",109,"89.3",".242"
2025,"Díaz, Yandy",650490,139,"R",645,13,"2.0",".399",632,"98.0",".363"
2025,"Duran, Ezequiel",677649,140,"R",219,13,"5.9",".068",206,"94.1",".260"
2025,"Alexander, CJ",680769,133,"L",17,14,"82.4",".063",3,"17.6",".588"
2025,"Bruján, Vidal",660644,144,"L",77,14,"18.2",".175",63,"81.8",".291"
2025,"Rogers, Jake",668670,116,"R",142,14,"9.9",".364",128,"90.1",".260"
2025,"Mesa Jr., Victor",683748,146,"L",38,14,"36.8",".121",24,"63.2",".378"
2025,"Kemp, Otto",805249,143,"R",218,14,"6.4",".215",204,"93.6",".315"
2025,"Reynolds, Bryan",668804,134,"R",167,14,"8.4",".288",153,"91.6",".341"
2025,"Maldonado, Martín",455117,135,"R",161,14,"8.7",".175",147,"91.3",".258"
2025,"Pozo, Yohel",650968,138,"R",168,14,"8.3",".405",154,"91.7",".263"
2025,"Haggerty, Sam",664059,140,"R",93,14,"15.1",".393",79,"84.9",".344"
2025,"Helman, Michael",680737,140,"R",110,14,"12.7",".361",96,"87.3",".313"
2025,"Crews, Dylan",686611,120,"R",322,14,"4.3",".200",308,"95.7",".283"
2025,"Perdomo, Geraldo",672695,109,"R",219,15,"6.8",".506",204,"93.2",".383"
2025,"Espinal, Santiago",669289,113,"R",328,15,"4.6",".188",313,"95.4",".262"
2025,"Garcia, Maikel",672580,118,"R",665,15,"2.3",".412",650,"97.7",".345"
2025,"Lopez, Otto",672640,146,"R",591,15,"2.5",".346",576,"97.5",".294"
2025,"Dunn, Oliver",686554,158,"L",41,15,"36.6",".105",26,"63.4",".243"
2025,"Martin, Austin",668885,142,"R",181,15,"8.3",".377",166,"91.7",".329"
2025,"Fermin, Freddy",666023,135,"R",347,15,"4.3",".247",332,"95.7",".281"
2025,"Teodosio, Bryce",669326,108,"R",150,16,"10.7",".121",134,"89.3",".258"
2025,"Steer, Spencer",668715,113,"R",566,16,"2.8",".263",550,"97.2",".319"
2025,"Veen, Zac",691728,115,"L",37,16,"43.2",".100",21,"56.8",".265"
2025,"Contreras, William",661388,158,"R",655,16,"2.4",".324",639,"97.6",".332"
2025,"Bell, Josh",605137,120,"R",120,16,"13.3",".275",104,"86.7",".245"
2025,"Moore, Christian",695681,108,"R",184,17,"9.2",".185",167,"90.8",".299"
2025,"Narváez, Carlos",665966,111,"R",446,17,"3.8",".362",429,"96.2",".313"
2025,"Andujar, Miguel",609280,113,"R",340,17,"5.0",".386",323,"95.0",".352"
2025,"Wilson, Will",669717,114,"R",91,17,"18.7",".430",74,"81.3",".191"
2025,"Fulford, Braxton",690924,115,"R",120,17,"14.2",".281",103,"85.8",".255"
2025,"Baker, Luken",663609,138,"R",41,17,"41.5",".351",24,"58.5",".293"
2025,"Fortes, Nick",663743,139,"R",242,17,"7.0",".431",225,"93.0",".275"
2025,"McKinney, Billy",641856,140,"L",21,17,"81.0",".218",4,"19.0",".221"
2025,"Millas, Drew",686452,120,"L",42,17,"40.5",".393",25,"59.5",".393"
2025,"Refsnyder, Rob",608701,111,"R",208,18,"8.7",".407",190,"91.3",".355"
2025,"Hayes, Ke'Bryan",663647,113,"R",567,18,"3.2",".224",549,"96.8",".267"
2025,"Thomas, Lane",657041,114,"R",142,18,"12.7",".532",124,"87.3",".192"
2025,"Hernández, Enrique",571771,119,"R",255,18,"7.1",".365",237,"92.9",".262"
2025,"Call, Alex",669743,119,"R",322,18,"5.6",".288",304,"94.4",".334"
2025,"Mitchell, Garrett",669003,158,"L",78,18,"23.1",".168",60,"76.9",".289"
2025,"Keirsey Jr., DaShawn",680577,142,"L",88,18,"20.5",".098",70,"79.5",".154"
2025,"Brooks, Trenton",670092,135,"L",43,18,"41.9",".201",25,"58.1",".198"
2025,"Church, Nathan",701675,138,"L",65,18,"27.7",".089",47,"72.3",".289"
2025,"Marte, Noelvi",682622,113,"R",359,19,"5.3",".359",340,"94.7",".320"
2025,"Mead, Curtis",678554,145,"R",262,19,"7.3",".232",243,"92.7",".284"
2025,"Caballero, José",676609,147,"R",367,19,"5.2",".449",348,"94.8",".298"
2025,"Sosa, Edmundo",624641,143,"R",261,19,"7.3",".260",242,"92.7",".338"
2025,"Simon, Ronny",682927,134,"L",74,19,"25.7",".288",55,"74.3",".265"
2025,"Wade, Tyler",642180,135,"L",127,19,"15.0",".301",108,"85.0",".256"
2025,"Ramos, Heliot",671218,137,"R",693,19,"2.7",".536",674,"97.3",".313"
2025,"Matos, Luis",682641,137,"R",184,19,"10.3",".244",165,"89.7",".302"
2025,"Campero, Gustavo",672569,108,"L",47,20,"42.6",".295",27,"57.4",".383"
2025,"Kavadas, Niko",694359,108,"L",23,20,"87.0",".192",3,"13.0",".000"
2025,"Gurriel Jr., Lourdes",666971,109,"R",545,20,"3.7",".269",525,"96.3",".307"
2025,"Barrosa, Jorge",678489,109,"L",33,20,"60.6",".044",13,"39.4",".232"
2025,"Rutschman, Adley",668939,110,"R",110,20,"18.2",".359",90,"81.8",".306"
2025,"Sogard, Nick",686765,111,"L",69,20,"29.0",".194",49,"71.0",".282"
2025,"Ballesteros, Moisés",694208,112,"L",65,20,"30.8",".264",45,"69.2",".422"
2025,"Lee, Brooks",686797,142,"R",178,20,"11.2",".231",158,"88.8",".303"
2025,"Goldschmidt, Paul",502671,147,"R",529,20,"3.8",".448",509,"96.2",".311"
2025,"Heim, Jonah",641680,140,"R",132,20,"15.2",".445",112,"84.8",".230"
2025,"Tawa, Tim",694374,109,"R",225,21,"9.3",".294",204,"90.7",".271"
2025,"Wisely, Brett",689172,144,"L",63,21,"33.3",".159",42,"66.7",".324"
2025,"Johnson, Daniel",669288,110,"L",57,21,"36.8",".177",36,"63.2",".282"
2025,"Mountcastle, Ryan",663624,110,"R",357,21,"5.9",".333",336,"94.1",".280"
2025,"Rafaela, Ceddanne",678882,111,"R",587,21,"3.6",".338",566,"96.4",".305"
2025,"Kelly, Carson",608348,112,"R",420,21,"5.0",".249",399,"95.0",".337"
2025,"Happ, Ian",664023,112,"R",184,21,"11.4",".342",163,"88.6",".302"
2025,"Myers, Dane",667472,146,"R",332,21,"6.3",".354",311,"93.7",".270"
2025,"Lindor, Francisco",596019,121,"R",227,21,"9.3",".226",206,"90.7",".311"
2025,"Eldridge, Bryce",805811,137,"L",37,21,"56.8",".235",16,"43.2",".251"
2025,"Herrera, Iván",671056,138,"R",451,21,"4.7",".495",430,"95.3",".358"
2025,"Schuemann, Max",680474,133,"R",213,22,"10.3",".373",191,"89.7",".249"
2025,"Arias, Gabriel",672356,114,"R",470,22,"4.7",".327",448,"95.3",".275"
2025,"Volpe, Anthony",683011,147,"R",595,22,"3.7",".274",573,"96.3",".286"
2025,"Triolo, Jared",669707,134,"R",375,22,"5.9",".322",353,"94.1",".294"
2025,"Crooks, Jimmy",699625,138,"L",46,22,"47.8",".245",24,"52.2",".104"
2025,"Palacios, Richie",680700,139,"L",48,22,"45.8",".422",26,"54.2",".324"
2025,"Vargas, Ildemaro",545121,109,"L",69,23,"33.3",".184",46,"66.7",".348"
2025,"Albies, Ozzie",645277,144,"R",185,23,"12.4",".269",162,"87.6",".306"
2025,"De La Cruz, Elly",682829,113,"R",209,23,"11.0",".145",186,"89.0",".281"
2025,"Farmer, Kyle",571657,115,"R",300,23,"7.7",".302",277,"92.3",".281"
2025,"Tovar, Ezequiel",678662,115,"R",389,23,"5.9",".361",366,"94.1",".297"
2025,"Torres, Gleyber",650402,116,"R",628,23,"3.7",".297",605,"96.3",".333"
2025,"Loftin, Nick",679845,118,"R",188,23,"12.2",".353",165,"87.8",".268"
2025,"Fitzgerald, Ryan",680837,142,"L",53,23,"43.4",".374",30,"56.6",".293"
2025,"Vientos, Mark",668901,121,"R",459,23,"5.0",".411",436,"95.0",".294"
2025,"Polanco, Jorge",593871,136,"R",112,23,"20.5",".359",89,"79.5",".376"
2025,"Haggerty, Sam",664059,140,"L",88,23,"26.1",".296",65,"73.9",".248"
2025,"Jones, Jahmai",663330,116,"R",149,24,"16.1",".460",125,"83.9",".387"
2025,"Hernández, Teoscar",606192,119,"R",543,24,"4.4",".215",519,"95.6",".321"
2025,"Young, Jared",676724,121,"L",47,24,"51.1",".088",23,"48.9",".524"
2025,"Stanton, Giancarlo",519317,147,"R",278,24,"8.6",".324",254,"91.4",".402"
2025,"Schmitt, Casey",669477,137,"R",347,24,"6.9",".115",323,"93.1",".322"
2025,"France, Ty",664034,141,"R",488,24,"4.9",".186",464,"95.1",".307"
2025,"Mayo, Coby",691723,110,"R",291,25,"8.6",".346",266,"91.4",".299"
2025,"Bernabel, Warming",682653,115,"R",145,25,"17.2",".323",120,"82.8",".299"
2025,"Hoskins, Rhys",656555,158,"R",326,25,"7.7",".333",301,"92.3",".324"
2025,"Jeffers, Ryan",680777,142,"R",460,25,"5.4",".479",435,"94.6",".325"
2025,"Keaschall, Luke",807712,142,"R",207,25,"12.1",".478",182,"87.9",".347"
2025,"Fitzgerald, Tyler",666149,137,"R",243,25,"10.3",".247",218,"89.7",".271"
2025,"Harris, Dustin",687957,140,"L",43,25,"58.1",".285",18,"41.9",".237"
2025,"Hilliard, Sam",656541,115,"L",61,26,"42.6",".393",35,"57.4",".275"
2025,"Pham, Tommy",502054,134,"R",446,26,"5.8",".422",420,"94.2",".301"